link,likes,status
https://www.instagram.com/p/DdM_lz8uqAT/,44628,done
https://www.instagram.com/p/Dc7VCECuA5b/,25629,done
https://www.instagram.com/p/Ddcf0VJOG6g/,23519,done
https://www.instagram.com/p/Dcreye6OUap/,22677,done
https://www.instagram.com/p/Dc7NiYWu5Jy/,21838,done
https://www.instagram.com/p/DczoyZZOPjy/,20368,done
https://www.instagram.com/p/DbVFeONh2OX/,19939,done
https://www.instagram.com/p/DczfFAsOEgY/,19324,done
https://www.instagram.com/p/DdFDyHHueQP/,18871,failed
https://www.instagram.com/p/DcwnDRDOgHd/,18801,done
https://www.instagram.com/p/DdqkWpttA4v/,18599,done
https://www.instagram.com/p/DdVKlQ1R3F6/,18118,done
https://www.instagram.com/p/Dc91ZxDudxZ/,18009,done
https://www.instagram.com/p/DcMeFjbjMDn/,17335,done
https://www.instagram.com/p/DdXOL4ROcOz/,17090,done
https://www.instagram.com/p/Dc7YmUROtus/,16303,done
https://www.instagram.com/p/DdXQAG1OXJn/,15860,failed
https://www.instagram.com/p/DcpGXJhuQFG/,13419,failed
https://www.instagram.com/p/Dcrod9mOGC-/,13151,done
https://www.instagram.com/p/DdXYnuYuStn/,12944,done
https://www.instagram.com/p/DdKxmuYui28/,12660,done
https://www.instagram.com/p/DdcV6sKuEh9/,11986,done
https://www.instagram.com/p/DcmKX0_ORwq/,11567,done
https://www.instagram.com/p/Dc9zT1xOn-_/,11348,done
https://www.instagram.com/p/DdFpH62OR-d/,11102,done
https://www.instagram.com/p/DcMTkidnQNw/,9860,done
https://www.instagram.com/p/DcpXAKeOCnG/,9245,done
https://www.instagram.com/p/DdquoIetkyh/,8969,done
https://www.instagram.com/p/Dcoxsi8DwTM/,8853,done
https://www.instagram.com/p/DcuNOzmuXMm/,8272,done
https://www.instagram.com/p/Dc4jiEvukcD/,8158,done
https://www.instagram.com/p/Dcr8YmDuO71/,7759,done
https://www.instagram.com/p/DcuFFM4uNQX/,7630,done
https://www.instagram.com/p/DddnzJZFDJQ/,7246,done
https://www.instagram.com/p/Dc2M5wlujfE/,6970,done
https://www.instagram.com/p/DdUycW6OkUB/,6910,failed
https://www.instagram.com/p/DcqJlkqjJiM/,6688,failed
https://www.instagram.com/p/DcmiZ-VOCaP/,6316,failed
https://www.instagram.com/p/DdaXhEFu3lg/,6301,done
https://www.instagram.com/p/Dc9f6HKOZbK/,6271,done
https://www.instagram.com/p/DcwsCrgO7Kh/,6229,done
https://www.instagram.com/p/Dc-CuFbuojk/,6002,failed
https://www.instagram.com/p/DdKcKTguyNM/,5463,done
https://www.instagram.com/p/DdHYJW7OTeP/,5365,done
https://www.instagram.com/p/DcmRWK6O7_D/,5260,failed
https://www.instagram.com/p/Dc7iJUXuBR8/,5098,failed
https://www.instagram.com/p/DcpgOYrOj68/,4830,done
https://www.instagram.com/p/Dcn1jbnuE9Z/,4737,done
https://www.instagram.com/p/Dc9spyZOioC/,4563,
https://www.instagram.com/p/DczizoLO0yd/,4438,
https://www.instagram.com/p/Ddc258LOWgx/,4277,
https://www.instagram.com/p/Dc7c2dgO3do/,3684,
https://www.instagram.com/p/DdSzYZuNGOJ/,3375,
https://www.instagram.com/p/DdDmAu_OukF/,3348,
https://www.instagram.com/p/DcmXHeiO0Ju/,3230,
https://www.instagram.com/p/Dcw6mo0u4zv/,3119,
https://www.instagram.com/p/DdBQtLXhMKq/,3089,
https://www.instagram.com/p/DcwiE7lup7f/,2853,
https://www.instagram.com/p/DdD1i3DBp-6/,2581,
https://www.instagram.com/p/DdLvVKriqK6/,2542,
https://www.instagram.com/p/DdOFXkDgWu_/,2425,
https://www.instagram.com/p/DdKA8h1xuIP/,2122,
https://www.instagram.com/p/DdOMTaTlOe2/,2063,
https://www.instagram.com/p/DaGmjcnCZMK/,2009,
https://www.instagram.com/p/DdYs10LlSAC/,1704,
https://www.instagram.com/p/DdBJ307htVT/,1677,
https://www.instagram.com/p/Dc8SmOpFMSW/,1501,
https://www.instagram.com/p/DdEIgb3D8Ys/,1421,
https://www.instagram.com/p/DdpZNLHoWof/,1307,done
https://www.instagram.com/p/DdBXjiEhI8W/,1298,
https://www.instagram.com/p/DcMYt9BE1YV/,1296,
https://www.instagram.com/p/DcMayHCiEOh/,1287,
https://www.instagram.com/p/DcyFavNDgk2/,1273,
https://www.instagram.com/p/DcMWUrSiVV3/,1179,
https://www.instagram.com/p/DcoyYKBAYMv/,1167,
https://www.instagram.com/p/Dc4GzXbRdpl/,1104,
https://www.instagram.com/p/DcMW4V7juRZ/,1049,
https://www.instagram.com/p/Dc8Wq_4EuzX/,973,
https://www.instagram.com/p/DdEDNjZBJCM/,939,
https://www.instagram.com/p/DdBegYUBu-u/,875,
https://www.instagram.com/p/Dcoy740ESGD/,854,
https://www.instagram.com/p/DcMUuCLCcdz/,821,
https://www.instagram.com/p/Dcx-gcBiBdL/,793,
https://www.instagram.com/p/DdBlWXuBn8d/,712,
https://www.instagram.com/p/DcmhxEjguGk/,701,
https://www.instagram.com/p/Dc_0nsORr0s/,675,
https://www.instagram.com/p/Dc3QRySD4VZ/,656,
https://www.instagram.com/p/DdYwjrKjvrH/,626,
https://www.instagram.com/p/DaS3MZkihKN/,622,
https://www.instagram.com/p/DcMce_4lX4u/,605,
https://www.instagram.com/p/Dc5wMBilR1d/,601,
https://www.instagram.com/p/Dco0T4nFAn4/,583,
https://www.instagram.com/p/DctSdnuO-Jf/,551,
https://www.instagram.com/p/Dc6q9LHRM_1/,537,
https://www.instagram.com/p/DdIjquogeWv/,457,
https://www.instagram.com/p/DclwFWkBG6l/,450,
https://www.instagram.com/p/DckC7hxICzE/,409,
https://www.instagram.com/p/DdVFgeDMtSa/,393,
https://www.instagram.com/p/DdEL1WhgM-h/,366,
https://www.instagram.com/p/DcMc8RtFfGr/,362,
https://www.instagram.com/p/Ddj-nB-RdBh/,362,
https://www.instagram.com/p/DctsJc1hr97/,359,
https://www.instagram.com/p/DdMX9mbhR4N/,359,
https://www.instagram.com/p/DdLz99RCjuY/,343,
https://www.instagram.com/p/DdmH9bIhsu2/,342,done
https://www.instagram.com/p/DdHOZZYxLw4/,339,
https://www.instagram.com/p/Dckahl4DbPj/,337,
https://www.instagram.com/p/Dc1o2JRx_D3/,326,
https://www.instagram.com/p/DdJzNIrRso8/,315,
https://www.instagram.com/p/DdWQSKsDm3z/,308,
https://www.instagram.com/p/DdDC3Ktsaiu/,272,
https://www.instagram.com/p/Dc-20ulxdQ6/,271,
https://www.instagram.com/p/Dcl90t-hlRr/,243,
https://www.instagram.com/p/DdWrnP7INNi/,231,
https://www.instagram.com/p/Dc3yKlURxBr/,222,
https://www.instagram.com/p/Dc44_YtMu-D/,221,
https://www.instagram.com/p/DdaRW0fsmKq/,214,
https://www.instagram.com/p/DcliQwBBXdU/,210,
https://www.instagram.com/p/DcxC4h_MYIZ/,210,
https://www.instagram.com/p/DdqoRxhxyjy/,210,done
https://www.instagram.com/p/Dc9P184hQNo/,209,
https://www.instagram.com/p/DdP1tf_sEyV/,208,
https://www.instagram.com/p/DclNqrYtiI3/,197,
https://www.instagram.com/p/DdmjcPRByFH/,195,done
https://www.instagram.com/p/Dcn52B0lRRC/,194,
https://www.instagram.com/p/DcwRjiDhUFr/,187,
https://www.instagram.com/p/DdMlue8Bbtw/,182,
https://www.instagram.com/p/Ddd5Jivl7S4/,182,
https://www.instagram.com/p/Dc44zf3sjFA/,176,
https://www.instagram.com/p/DdDDUiwseLR/,176,
https://www.instagram.com/p/DdP1mE4MB-j/,176,
https://www.instagram.com/p/DdJJ791x4IV/,174,
https://www.instagram.com/p/DdVFt0QsaXL/,174,
https://www.instagram.com/p/DdVGVzxsZNm/,173,
https://www.instagram.com/p/DczoRFNsprY/,169,
https://www.instagram.com/p/Dc2OkIYM9gZ/,168,
https://www.instagram.com/p/DdNTkAWMXVq/,168,
https://www.instagram.com/p/DdfdjC9Mzw1/,168,
https://www.instagram.com/p/DdE-N_sRkBZ/,166,
https://www.instagram.com/p/DaKzt_dCOpx/,165,
https://www.instagram.com/p/DdIL5LGsCpf/,163,
https://www.instagram.com/p/DdMdN8dI5V_/,160,
https://www.instagram.com/p/DdXmMuOsLPD/,157,
https://www.instagram.com/p/DdP10kPsfvg/,154,
https://www.instagram.com/p/Ddc3ndLMoze/,154,
https://www.instagram.com/p/DdpZUNTITPu/,153,done
https://www.instagram.com/p/DdO4kzCo-eH/,148,
https://www.instagram.com/p/DclBAbSNKyc/,143,
https://www.instagram.com/p/Ddc3jftsuWV/,142,
https://www.instagram.com/p/Dc8SAEZhGap/,140,
https://www.instagram.com/p/Dc3JAQVRWga/,139,
https://www.instagram.com/p/DdNTx5ZsUib/,137,
https://www.instagram.com/p/DdpIIT9RvS9/,134,
https://www.instagram.com/p/DdoswTXR09U/,131,
https://www.instagram.com/p/Dc5tOO6RCoH/,130,
https://www.instagram.com/p/DdaRgmhsqiK/,130,
https://www.instagram.com/p/DdHUZwLIPnI/,127,
https://www.instagram.com/p/DcxCvCzsQM6/,126,
https://www.instagram.com/p/DdoDfCuRBmw/,125,done
https://www.instagram.com/p/DdGlI2HB-hh/,124,
https://www.instagram.com/p/DdXmeKPs8Sh/,124,
https://www.instagram.com/p/DdjjHIhRHnI/,123,
https://www.instagram.com/p/DdBbmN_hN7g/,121,
https://www.instagram.com/p/DdjJ8ZbIsWD/,118,
https://www.instagram.com/p/Ddkgh_OMn8T/,117,
https://www.instagram.com/p/DczoHbBMjfj/,115,
https://www.instagram.com/p/DcucGcEsyA0/,109,
https://www.instagram.com/p/DdSj3SAsHUI/,108,
https://www.instagram.com/p/DdP19asshsX/,107,
https://www.instagram.com/p/DcojM0AR-3n/,106,
https://www.instagram.com/p/DdHi-Bjhvac/,105,
https://www.instagram.com/p/DdjKCUuoKhm/,103,
https://www.instagram.com/p/Dcn56u3R1Di/,102,
https://www.instagram.com/p/DdAWVJYsx2j/,101,
https://www.instagram.com/p/DdSkMk-MPiH/,101,
https://www.instagram.com/p/DbTOAvFi4gI/,100,
https://www.instagram.com/p/DdSjlFJs6JF/,99,
https://www.instagram.com/p/DdknwaIsgAt/,98,
https://www.instagram.com/p/DdSkAlOscen/,97,
https://www.instagram.com/p/Ddi58imx-yG/,97,
https://www.instagram.com/p/DdaRHxVM5k_/,96,
https://www.instagram.com/p/DdlnRVUooOY/,94,
https://www.instagram.com/p/DdCZV8_hsC7/,93,
https://www.instagram.com/p/DcmyE7WM2DE/,91,
https://www.instagram.com/p/DdjHssuRCh1/,91,
https://www.instagram.com/p/Ddkn0eisrmS/,91,failed
https://www.instagram.com/p/DdXnEAOMRFh/,89,
https://www.instagram.com/p/DdNUMl1MLkx/,87,
https://www.instagram.com/p/Ddbh0EToWgJ/,87,
https://www.instagram.com/p/Dcs1zjKBlNj/,86,
https://www.instagram.com/p/DdVF7BpMOiy/,86,
https://www.instagram.com/p/Ddc3ldAs6h0/,85,
https://www.instagram.com/p/DcqQbCQR035/,80,
https://www.instagram.com/p/Dcx_aBSxN2v/,80,
https://www.instagram.com/p/Dc_o8DyIZGT/,77,
https://www.instagram.com/p/Ddc3fKzsCXI/,77,
https://www.instagram.com/p/DdMdbsfIVhO/,76,
https://www.instagram.com/p/DdbX-DtlC0H/,75,
https://www.instagram.com/p/DctDixFBBYb/,73,
https://www.instagram.com/p/DdaRuyhsaRl/,73,
https://www.instagram.com/p/DdREaehRvFa/,68,
https://www.instagram.com/p/DdFlc_QsU2u/,65,
https://www.instagram.com/p/DdLuvRYhBKE/,65,
https://www.instagram.com/p/DdSjuQQsSGm/,65,
https://www.instagram.com/p/DdTpSN1ImNg/,64,
https://www.instagram.com/p/Dc0kJVmRtVG/,62,
https://www.instagram.com/p/Ddc3pV0MZdn/,62,
https://www.instagram.com/p/DdnHRKUMkFk/,62,
https://www.instagram.com/p/Dcr4AR0M8MX/,61,
https://www.instagram.com/p/Ddfd0uKsE2a/,61,
https://www.instagram.com/p/Dc2O1wtM4u9/,60,
https://www.instagram.com/p/DckKrckMh-v/,59,
https://www.instagram.com/p/DdOnQtnI2eW/,59,
https://www.instagram.com/p/DdWrvuVICFj/,59,
https://www.instagram.com/p/DcnsQuQxjCQ/,57,
https://www.instagram.com/p/DdaR46msXz8/,57,
https://www.instagram.com/p/Dc_pKCWo7Xl/,56,
https://www.instagram.com/p/DcvaoQxhgOV/,55,
https://www.instagram.com/p/DdNTZu0MLrf/,55,
https://www.instagram.com/p/DdEAbaSxvUN/,54,
https://www.instagram.com/p/DdJ-QkiyDHm/,54,
https://www.instagram.com/p/Dctfcl4i2mM/,51,
https://www.instagram.com/p/DdCRYR2oXo2/,51,
https://www.instagram.com/p/DdHUQGyoU4u/,51,
https://www.instagram.com/p/DdcyXDmso4x/,51,
https://www.instagram.com/p/DdlexUNhK_V/,51,
https://www.instagram.com/p/Dcub2RYsLzI/,50,
https://www.instagram.com/p/DdBze8hoFQk/,50,
https://www.instagram.com/p/DdCRePrIUx2/,50,
https://www.instagram.com/p/DdVGJx7MUlz/,48,
https://www.instagram.com/p/DdpZa9oIu1A/,48,
https://www.instagram.com/p/DdbholCoCXz/,47,
https://www.instagram.com/p/DdnNFgkMXeU/,45,
https://www.instagram.com/p/DczEAyhxOjL/,44,
https://www.instagram.com/p/Dc-D93MMw3S/,43,
https://www.instagram.com/p/Dcjxs4Jt07r/,42,
https://www.instagram.com/p/DdWrqk-IBG1/,41,
https://www.instagram.com/p/Ddq2GmLR6A3/,41,
https://www.instagram.com/p/DdNTFf-sCFy/,40,
https://www.instagram.com/p/DdTpA9UoNbq/,40,
https://www.instagram.com/p/DdiDEu_sc7j/,40,
https://www.instagram.com/p/DdiDCt_sKQi/,40,
https://www.instagram.com/p/DctROF_BKCU/,39,
https://www.instagram.com/p/DdTo87UoJ1X/,39,
https://www.instagram.com/p/DdaQaoqMXNk/,39,
https://www.instagram.com/p/DdfdrSpM13F/,38,
https://www.instagram.com/p/Dc-EQJfsKSk/,37,
https://www.instagram.com/p/DdUTpqoo28e/,37,
https://www.instagram.com/p/DdjKSasohqL/,36,
https://www.instagram.com/p/Dc_kzd-o8QK/,35,
https://www.instagram.com/p/DdDB7Hasq_R/,35,
https://www.instagram.com/p/DdjKXA5Ij_Y/,35,
https://www.instagram.com/p/Dcr4IsjsXG2/,34,
https://www.instagram.com/p/DdO4oynoiyb/,34,
https://www.instagram.com/p/DdR8Ai2o32S/,33,
https://www.instagram.com/p/DdaQmdNsG_l/,33,
https://www.instagram.com/p/DdILfwNsSVT/,32,
https://www.instagram.com/p/DdMwOnTI65m/,32,
https://www.instagram.com/p/DdZOTq0ok4S/,32,
https://www.instagram.com/p/Ddlnh4AIv1d/,32,
https://www.instagram.com/p/DdfdKQ-s-P2/,31,
https://www.instagram.com/p/DdknyRYsNnS/,30,
https://www.instagram.com/p/Dc-DhXJsLeL/,29,
https://www.instagram.com/p/DdkNw5lIihJ/,29,
https://www.instagram.com/p/DdkNtG9IzRt/,29,
https://www.instagram.com/p/DdRYbg-IS0u/,28,
https://www.instagram.com/p/DdAC03XIyNX/,27,
https://www.instagram.com/p/DdR8EvpoDSL/,27,
https://www.instagram.com/p/Ddfd-pEsrlF/,25,
https://www.instagram.com/p/DcxBv5tM1vv/,24,
https://www.instagram.com/p/DdNUDmesgvc/,24,
https://www.instagram.com/p/DdZOk_wxh3o/,24,
https://www.instagram.com/p/DdiC6mjMvJs/,24,
https://www.instagram.com/p/DcqexLMR7Tv/,23,
https://www.instagram.com/p/DdHZDCoo41C/,23,
https://www.instagram.com/p/DdILY44MVmE/,23,
https://www.instagram.com/p/DcpgRFRM8AC/,21,
https://www.instagram.com/p/DczncD8Md44/,21,
https://www.instagram.com/p/DdAVRdgMK3i/,21,
https://www.instagram.com/p/DdSjP-9METi/,21,
https://www.instagram.com/p/DdUTefhI0ck/,21,
https://www.instagram.com/p/DdcylhysUIB/,21,
https://www.instagram.com/p/DdZOrKdocBe/,20,
https://www.instagram.com/p/Dc2N4ERMqv9/,19,
https://www.instagram.com/p/DdCo9oiI_S1/,18,
https://www.instagram.com/p/Ddfc_6_sBeA/,18,
https://www.instagram.com/p/DdOEc_WIiKg/,17,
https://www.instagram.com/p/DdOnUokI_Qz/,16,
https://www.instagram.com/p/DdcWrkoovh9/,16,
https://www.instagram.com/p/DdcWu7_I0x3/,15,
https://www.instagram.com/p/DdQ6I3noBFD/,14,
https://www.instagram.com/p/DdXBsKgoA-C/,14,
https://www.instagram.com/p/DdknqxPseA3/,14,
https://www.instagram.com/p/DdoRPNzRr6d/,14,done
https://www.instagram.com/p/DdMv9q6IcvV/,13,
https://www.instagram.com/p/DdV6lCJIzsr/,13,
https://www.instagram.com/p/DdZOoProp4X/,13,
https://www.instagram.com/p/DdZOiErIjMP/,13,
https://www.instagram.com/p/DdhyNTlI5NI/,13,
https://www.instagram.com/p/DdkN3uVIn9M/,13,
https://www.instagram.com/p/DdlnpMsIROO/,13,
https://www.instagram.com/p/DdJ9ty8S3nz/,11,
https://www.instagram.com/p/DdiC938ss_z/,11,
https://www.instagram.com/p/DdmzUWWoxZb/,11,
https://www.instagram.com/p/DdCpRK1qgrV/,10,
https://www.instagram.com/p/DdMwG5CIsdn/,10,
https://www.instagram.com/p/DdkN6mtoXh4/,10,
https://www.instagram.com/p/DdmzfkwIHdV/,10,
https://www.instagram.com/p/Dc6BTX-x8Nf/,9,
https://www.instagram.com/p/DdAC5nko9MY/,8,
https://www.instagram.com/p/DdV6tguoM09/,8,
https://www.instagram.com/p/DdhF5uWoSsy/,8,
https://www.instagram.com/p/Ddmzr_vI4vw/,7,
https://www.instagram.com/p/DdQ6BfdITiK/,6,
https://www.instagram.com/p/DdXBxY1o_oq/,6,
https://www.instagram.com/p/DdcWx2vIFvH/,6,
https://www.instagram.com/p/DdkN0dhovr0/,6,
https://www.instagram.com/p/Ddlsad8hDru/,6,
https://www.instagram.com/p/DdhySKxIKJe/,4,
https://www.instagram.com/p/DdhF9zBoiLo/,4,
https://www.instagram.com/p/DdhyILhIUMe/,3,
https://www.instagram.com/p/DdHYia_IOV4/,2,
https://www.instagram.com/p/DdTrs_7oNew/,2,
https://www.instagram.com/p/DdTrx2AITwy/,2,
https://www.instagram.com/p/DdHYgKLI1aU/,1,
https://www.instagram.com/p/DdmzljooirH/,1,
https://www.instagram.com/p/DcvoYySBQpa/,0,
https://www.instagram.com/p/Dc5zktjCP0m/,0,
https://www.instagram.com/p/DdmzY4youO3/,0,
